<Stationerys>
	<Group name="simple">
	   <Stationery dir="033" thumb="thumb.bmp"/>
	   <Stationery dir="034" thumb="thumb.bmp"/> 
	   <Stationery dir="035" thumb="thumb.bmp"/> 
	   <Stationery dir="036" thumb="thumb.bmp"/> 
	   <Stationery dir="037" thumb="thumb.bmp"/> 
	   <Stationery dir="038" thumb="thumb.bmp"/> 
	   <Stationery dir="039" thumb="thumb.bmp"/> 
	   <Stationery dir="040" thumb="thumb.bmp"/> 
	   <Stationery dir="041" thumb="thumb.bmp"/> 
	   <Stationery dir="042" thumb="thumb.bmp"/> 
	   <Stationery dir="043" thumb="thumb.bmp"/> 
	   <Stationery dir="044" thumb="thumb.bmp"/> 
	   <Stationery dir="045" thumb="thumb.bmp"/> 
	   <Stationery dir="046" thumb="thumb.bmp"/> 
	</Group>
	<Group name="business">
	   <Stationery dir="008" name="单行纸"/>	   
	   <Stationery dir="029" name="打孔"/>
	   <Stationery dir="012" name="打孔纸"/>
	   <Stationery dir="014" name="淡雅"/>
	   <Stationery dir="009" name="印章"/>   
	   <Stationery dir="017" name="透明胶"/>
	   <Stationery dir="010" name="回形针"/>
	   <Stationery dir="018" name="钢笔"/>	   	   	   
	   <Stationery dir="015" name="电脑时代"/>
	   <Stationery dir="025" name="鼠标"/>
	   <Stationery dir="032" name="国画山水"/>		   
	</Group>	
	<Group name="festival">
	   <Stationery dir="030" name="恭贺新禧"/>
	   <Stationery dir="031" name="圣诞树"/>
	   <Stationery dir="022" name="生日"/>
	   <Stationery dir="026" name="爱你的心"/>
	   <Stationery dir="027" name="嫦娥"/>
	</Group>	
	<Group name="other">
	   <Stationery dir="019" name="咖啡"/>
	   <Stationery dir="020" name="悠闲海"/>
	   <Stationery dir="011" name="天空"/>
	   <Stationery dir="021" name="本子"/>
	   <Stationery dir="024" name="青苹果"/>
	   <Stationery dir="013" name="枫叶"/>	   	   
	   <Stationery dir="028" name="为你忙碌"/>		   
	   <Stationery dir="023" name="花卉"/>	
	   <Stationery dir="002" name="淡绿水"/>
	   <Stationery dir="003" name="粉红云"/>
	   <Stationery dir="006" name="紫色底"/>
	   <Stationery dir="004" name="格子"/>
	   <Stationery dir="005" name="曲纹纸"/>
	   <Stationery dir="001" name="宣纸"/>
	   <Stationery dir="029" name="打孔"/>
	   <Stationery dir="032" name="国画山水"/>	
	</Group>		
</Stationerys>